{"count":1,"gauges":{},"self":10.423224,"total":10.7153443,"children":{"AgentSendState":{"count":525,"self":0.0049854999999999995,"total":0.0079779,"children":{"CollectObservations":{"count":105,"self":0.0029923999999999997,"total":0.0029923999999999997,"children":null},"CollectDiscreteActionMasks":{"count":105,"self":0,"total":0,"children":null}}},"DecideAction":{"count":525,"self":0.2771342,"total":0.2771342,"children":null},"AgentAct":{"count":525,"self":0.0060101,"total":0.0060101,"children":null}}}