{"count":1,"gauges":{"Jet8_Ball.CumulativeReward":{"count":1,"max":3.64160132,"min":3.64160132,"value":3.64160132,"weightedAverage":3.64160132}},"self":44.8697728,"total":46.806405899999994,"children":{"AgentSendState":{"count":2286,"self":0.064827799999999991,"total":0.077271499999999993,"children":{"CollectObservations":{"count":458,"self":0.0074551,"total":0.0074551,"children":null},"CollectDiscreteActionMasks":{"count":458,"self":0.0049886,"total":0.0049886,"children":null}}},"DecideAction":{"count":2286,"self":1.8204892,"total":1.8204892,"children":null},"AgentAct":{"count":2286,"self":0.0378754,"total":0.0378754,"children":null}}}