{"count":1,"gauges":{"Jet8_Ball.CumulativeReward":{"count":6,"max":0.02179997,"min":0.014399983,"value":0.0167999789,"weightedAverage":0.0173651148}},"self":24.3494192,"total":24.9896238,"children":{"AgentSendState":{"count":1223,"self":0.018930799999999998,"total":0.019927999999999998,"children":{"CollectObservations":{"count":245,"self":0.0009972,"total":0.0009972,"children":null},"CollectDiscreteActionMasks":{"count":245,"self":0,"total":0,"children":null}}},"DecideAction":{"count":1223,"self":0.5584564,"total":0.5584564,"children":null},"AgentAct":{"count":1223,"self":0.0618197,"total":0.0618197,"children":null}}}