{"count":1,"gauges":{},"self":10.284688,"total":10.7625199,"children":{"AgentSendState":{"count":496,"self":0.0099750999999999989,"total":0.012967999999999999,"children":{"CollectObservations":{"count":100,"self":0.0019952,"total":0.0019952,"children":null},"CollectDiscreteActionMasks":{"count":100,"self":0.0009977,"total":0.0009977,"children":null}}},"DecideAction":{"count":496,"self":0.46087419999999996,"total":0.46087419999999996,"children":null},"AgentAct":{"count":496,"self":0.0029927,"total":0.0029927,"children":null}}}