{"count":1,"gauges":{"Jet8_Ball.CumulativeReward":{"count":5,"max":3.937232,"min":0.361478865,"value":1.29766357,"weightedAverage":2.102058}},"self":130.35201279999998,"total":134.1323567,"children":{"AgentSendState":{"count":6689,"self":0.0975978,"total":0.1175145,"children":{"CollectObservations":{"count":1338,"self":0.0159448,"total":0.0159448,"children":null},"CollectDiscreteActionMasks":{"count":1338,"self":0.0039718999999999996,"total":0.0039718999999999996,"children":null}}},"DecideAction":{"count":6689,"self":3.6097812,"total":3.6097812,"children":null},"AgentAct":{"count":6689,"self":0.0530451,"total":0.0530451,"children":null}}}